keyword;num_visits
попугай;931531,00
волнистый попугай;145015,00
купить попугая;55292,00
попугай корелла;52336,00
попугай кеша;40232,00
попугать;37504,00
попугай попугал;37503,00
попугай фото;36497,00
попугаи видео;28858,00
сколько попугаев;26005,00
говорящий попугай;25376,00
говорящий попугай говорит;25375,00
попугай говорит;25375,00
попугаи неразлучники;25027,00
38 попугаев;23661,00
про попугаев;23018,00
попугая ару;19387,00
попугай ара;19387,00
попугай жако;18710,00
попугай цена;18331,00
попугай мультфильм;18078,00
домашние попугаи;17321,00
клетка +для попугая;17312,00
можно ли попугаю;15712,00
почему попугай;14700,00
попугаи +в домашних условиях;12457,00
зеленый попугай;11971,00
сколько живут попугаи;11484,00
попугай разговаривает;11276,00
попугаи данные;11005,00
попугай слушать;10934,00
давай попугаем;10923,00
пение попугаев;10486,00
попугай мультик;10312,00
ожереловый попугай;10295,00
кормы попугаев;10260,00
клюв попугая;10173,00
виды попугаев;9927,00
попугай какаду;9651,00
попугай мальчик;9587,00
серия попугай;9470,00
картинки попугаев;9215,00
волнистые попугаи сколько;9148,00
авито попугаи;8894,00
попугай москва;8613,00
домашний волнистый попугай;8396,00
скачать попугая;8315,00
большие попугаи;8181,00
попугай девочка;8098,00
рыба попугай;7959,00
самка попугая;7949,00
попугай бесплатно;7936,00
волнистые попугаи +в домашних условиях;7785,00
содержание попугаев;7571,00
попугай кеша мультфильм;7325,00
попугай онлайн;7271,00
попугай поет;7260,00
где попугай;7225,00
блудный попугай;7196,00
белый попугай;6964,00
корм +для попугаев;6890,00
хороший попугай;6882,00
пение волнистых попугаев;6875,00
яйца попугаев;6726,00
волнистый попугай купить;6700,00
волнистые попугаи живут;6611,00
породы попугаев;6471,00
возвращение попугая;6459,00
38 попугаев мультфильм;6396,00
сколько стоит попугай;6353,00
возвращение блудного попугая;6274,00
#ИМЯ?;6261,00
#ИМЯ?;6228,00
попугай кеша +все серии;6144,00
попугай отзывы;6071,00
сколько живут волнистые попугаи;6046,00
попугай +своими руками;6031,00
#ИМЯ?;5935,00
волнистый попугай слушать;5864,00
попугаи самцы;5833,00
розелла попугай;5715,00
какие волнистые попугаи;5651,00
звуки попугаев;5586,00
попугай сканворд;5496,00
попугаи перу;5468,00
перо попугая;5465,00
попугай +все серии подряд;5381,00
купить клетку +для попугая;5249,00
попугай поле;5223,00
попугай самый;5152,00
можно ли волнистым попугаям;5083,00
пол попугая;5082,00
амазон попугай;5081,00
попугай 4;5058,00
#ИМЯ?;4938,00
смешные попугаи;4913,00
имена +для попугаев;4893,00
#ИМЯ?;4879,00
про попугая кешу;4855,00
попугаи дома;4823,00
купить попугая +в москве;4749,00
квартал попугай;4740,00
попугай 5;4678,00
птенцы попугаев;4636,00
волнистый попугай фото;4559,00
попугай без;4558,00
попугай кеша подряд;4544,00
кеша попугай +все серии подряд;4519,00
какого попугая можно;4514,00
красный попугай;4500,00
#ИМЯ?;4478,00
игра попугай;4435,00
мультик попугай кеша;4394,00
день попугая;4363,00
попугаи уход +и содержание;4345,00
мебель попугай;4308,00
38 попугаев 1976;4255,00
38 попугаев мультфильм 1976;4235,00
крыло попугая;4234,00
попугай 6;4223,00
говорящий попугай видео;4223,00
попугай говорит видео;4223,00
1 попугай;4174,00
самка волнистого попугая;4169,00
95 попугай;4155,00
голова попугая;4128,00
попугай новой;4118,00
95 квартал попугай;4083,00
попугай майнкрафт;4032,00
2 попугая;4002,00
#ИМЯ?;3989,00
рыбка попугай;3964,00
попугай рисунок;3926,00
38 попугаев мебель;3914,00
попугаю 3;3897,00
мультик про попугая;3849,00
завести попугая;3788,00
волнистые попугаи видео;3752,00
сколько живут домашние попугаи;3696,00
попугаи неразлучники фото;3675,00
волнистый попугай мальчик;3635,00
#ИМЯ?;3566,00
болезни попугаев;3562,00
видео про попугаев;3557,00
продажа попугаев;3460,00
#ИМЯ?;3458,00
возраст попугая;3448,00
сколько живут попугаи +в домашних условиях;3437,00
попугай корелла фото;3404,00
попугай корелла купить;3403,00
умерший попугай;3391,00
почему волнистый попугай;3387,00
умирающий попугай;3340,00
пение попугая слушать;3330,00
попугай 6 букв;3305,00
сонник попугай;3300,00
желтый попугай;3240,00
маленькие попугаи;3214,00
цвета попугая;3192,00
купить попугая жако;3148,00
продам попугая;3115,00
название попугаев;3098,00
лечение попугаев;3098,00
клюв волнистого попугая;3084,00
попугай сидит;3081,00
говорящий волнистый попугай;3023,00
волнистый попугай говорит;3023,00
официальный сайт попугаи;3015,00
можно ли давать попугаю;2999,00
#ИМЯ?;2992,00
волнистый попугай самец;2974,00
зоомагазин попугай;2972,00
крупный попугай;2958,00
попугай раскраска;2936,00
попугаи слушать онлайн;2930,00
средние попугаи;2929,00
смотреть попугай кеша;2906,00
сколько живут волнистые попугаи +в домашних;2900,00
сколько лет попугаю;2890,00
хвост попугая;2874,00
попугай григорий;2871,00
попугай онлайн бесплатно;2870,00
волнистый попугай разговаривает;2861,00
голубой попугай;2852,00
магазин попугаев;2852,00
попугай ара купить;2831,00
купить попугая ару;2831,00
попугай спб;2814,00
глаз попугая;2796,00
попугаи видео смотреть;2781,00
#ИМЯ?;2763,00
говорящий попугай +как научить говорить;2763,00
попугай 4 буквы;2752,00
#ИМЯ?;2739,00
купля попугаев;2733,00
сколько живет волнистый попугай +в домашних условиях;2731,00
где купить попугая;2707,00
попугаи живут лет;2705,00
волнистый попугай девочка;2676,00
спящий попугай;2669,00
#ИМЯ?;2663,00
#ИМЯ?;2641,00
попугай кеша мультфильм +все серии;2640,00
танцующий попугай;2605,00
попугай танцует;2605,00
волнистые попугаи +как определить;2589,00
чириканье попугаев;2572,00
гостиница +для попугаев;2560,00
отдам попугая;2554,00
попугай 5 букв;2551,00
пол волнистого попугая;2550,00
пение волнистых попугаев слушать;2516,00
человек попугай;2464,00
попугай чирикает;2457,00
красивые попугаи;2450,00
#ИМЯ?;2448,00
смешные попугаи видео;2431,00
смотреть бесплатно попугай;2421,00
попугай корелла уход;2418,00
класс попугаев;2416,00
попугай +для детей;2407,00
#ИМЯ?;2387,00
#ИМЯ?;2355,00
виды попугаев фото;2346,00
серый попугай;2337,00
песнь попугая;2333,00
мультфильм про попугая;2321,00
любимый попугай;2306,00
попугай детский;2290,00
сколько лет живут попугаи;2285,00
попугай +и кот;2283,00
попугай +во сне;2250,00
александрийский попугай;2249,00
птенцы волнистых попугаев;2238,00
попугай хочу;2222,00
возьму попугая;2218,00
попугай +из бумаги;2215,00
#ИМЯ?;2193,00
яйца волнистых попугаев;2189,00
игрушки +для попугаев;2182,00
попугай корелла цена;2177,00
#ИМЯ?;2170,00
купить попугая цена;2152,00
помет попугая;2152,00
попугай жако цена;2146,00
попугай после;2141,00
синий попугай;2140,00
попугай корелла сколько;2136,00
содержание волнистых попугаев;2126,00
попугай какаду фото;2114,00
приключения попугая;2098,00
возвращение блудного попугая мультсериал;2090,00
попугаи мира;2084,00
попугая чехов;2070,00
смотреть про попугаев;2050,00
два попугая;2045,00
попугай чех;2036,00
клетка +для волнистого попугая;2016,00
попугаи разговаривают видео;2016,00
язык попугая;2012,00
38 попугаев сайт;1994,00
попугаи неразлучники купить;1989,00
звуки волнистых попугаев;1988,00
жизнь попугаев;1982,00
мультфильм попугай кеша +все серии подряд;1971,00
попугай начал;1966,00
анекдот про попугая;1947,00
беременный попугай;1936,00
попугай читать;1924,00
попугай скачать бесплатно;1923,00
38 попугаев официальный сайт;1914,00
попугай ару цены;1901,00
недорогие попугаи;1901,00
описание попугая;1901,00
попугай ара цена;1901,00
приколы +с попугаями;1888,00
болезни волнистых попугаев;1886,00
разведение попугаев;1886,00
голос попугая;1885,00
оригами попугай;1879,00
черный попугай;1858,00
кричащий попугай;1853,00
попугай кричит;1852,00
38 попугаев мебель официальный;1848,00
волнистые попугаи онлайн;1846,00
мультик про попугая кешу;1844,00
возраст волнистого попугая;1842,00
аквариумный попугай;1839,00
лапы попугая;1816,00
#ИМЯ?;1811,00
попугай +с хохолком;1808,00
какой попугай лучше;1795,00
попугай смотреть +все серии;1793,00
волнистый попугай слушать онлайн;1786,00
содержание попугая корелла;1783,00
купить попугая +на авито;1782,00
попугай карандашом;1781,00
какарики попугаи;1777,00
поющие попугаи видео;1774,00
попугай часто;1772,00
#ИМЯ?;1767,00
найден попугай;1749,00
купить говорящего попугая;1747,00
неразлучники попугаи цена;1739,00
дама +с попугаем;1737,00
38 попугаев сайт мебель;1730,00
попугай рио;1726,00
много попугаев;1726,00
попугай ютуб;1723,00
38 попугаев мебель официальный сайт;1710,00
попугай лори;1700,00
годы волнистых попугаев;1691,00
корм +для попугаев волнистых;1683,00
смотреть мультфильмы попугай;1670,00
попугай жако фото;1669,00
33 попугая;1667,00
попугай питомник;1666,00
домик +для попугаев;1663,00
клещ +у попугая;1658,00
попугай 7;1658,00
крови попугаев;1642,00
попугай серии подряд без перерыва;1638,00
гнездо +для попугаев;1633,00
#ИМЯ?;1631,00
волнистый попугай уход +и содержание;1622,00
попугай кеша серии подряд без перерыва;1614,00
разновидности попугаев;1601,00
попугаи стали;1601,00
какие +есть попугаи;1598,00
боцман +и попугай;1596,00
попугай стал;1592,00
про смешных попугаев;1587,00
#ИМЯ?;1580,00
квартал про попугая;1579,00
приключения попугая кеши;1571,00
большие клетки +для попугаев;1571,00
попугай какаду цена;1565,00
размеры попугаев;1562,00
попугай цена +в москве;1562,00
попугай +у стругацких;1560,00
новый попугай кеша;1559,00
попугая надо;1549,00
имена +для попугаев мальчиков;1545,00
скачать попугай кеша;1533,00
умный попугай;1532,00
#ИМЯ?;1532,00
купить попугая недорого;1531,00
пара попугаев;1508,00
#ИМЯ?;1503,00
слушать попугая бесплатно;1494,00
#ИМЯ?;1492,00
#ИМЯ?;1490,00
#ИМЯ?;1489,00
попугай 5 букв сканворд;1484,00
#ИМЯ?;1483,00
разговор попугая;1474,00
попугаи фото +и названия;1472,00
попугай кеша онлайне;1472,00
качества попугая;1463,00
мультфильм про попугая кешу;1455,00
попугай минск;1448,00
держать попугаев;1443,00
попугай корелла уход +и содержание;1443,00
попугай схема;1442,00
лечение волнистых попугаев;1440,00
попугай поэтапно;1440,00
кошка +и попугай;1439,00
размножение попугаев;1438,00
попугай 2018;1437,00
попугай мальчик +или девочка;1429,00
торрент попугай;1426,00
попугай сканворд 6;1424,00
чириканье волнистых попугаев;1420,00
книга попугая;1420,00
едят ли попугаев;1415,00
попугаю плохо;1409,00
#ИМЯ?;1407,00
попугай корелла разговаривает;1406,00
история попугаев;1406,00
попугай +в дар;1404,00
попугаи условия содержания;1397,00
#ИМЯ?;1395,00
попугай 6 букв сканворд;1394,00
попугай мартышка;1388,00
заболел попугай;1387,00
бывают попугаи;1377,00
приколы про попугаев;1375,00
волнистый попугай бесплатно;1374,00
#ИМЯ?;1373,00
стоимость попугаев;1372,00
попугаи слушать онлайн бесплатно;1372,00
наросты +у попугая;1364,00
попугай кеша бесплатно;1361,00
#ИМЯ?;1360,00
#ИМЯ?;1357,00
приснился попугай;1356,00
попугаи фото цены;1356,00
содержание попугаев +в домашних условиях;1346,00
попугай чешется;1343,00
#ИМЯ?;1333,00
95 про попугая;1332,00
попугай постоянно;1330,00
попугай дрожит;1326,00
попугаю месяц;1326,00
попугай какаду купить;1324,00
попугаи ростов;1318,00
#ИМЯ?;1315,00
звуки попугаев слушать;1315,00
улетел попугай;1312,00
95 квартал про попугая;1312,00
смотреть попугай +все серии подряд;1312,00
попугай текст;1311,00
первый попугай;1305,00
обезьяна попугай;1301,00
#ИМЯ?;1301,00
владелец попугая;1300,00
попугай сказка;1297,00
попугаи екатеринбурге;1278,00
уход +за попугаем;1277,00
смотреть попугай говорит;1275,00
смотреть говорящего попугая;1275,00
попугаи новосибирск;1274,00
сколько лет волнистому попугаю;1274,00
#ИМЯ?;1254,00
свободу попугаям;1253,00
фильм попуганы;1248,00
перья волнистого попугая;1243,00
#ИМЯ?;1243,00
совиный попугай;1235,00
попугай скачать торрент;1232,00
заводчик попугаев;1231,00
жена +и попугай;1221,00
про попугая кешу +все серии;1220,00
восковица +у попугая;1215,00
попугай кеша смотреть онлайн;1209,00
попугай пьет;1208,00
попугай википедия;1207,00
нужно ли попугаям;1204,00
пение попугая онлайн;1199,00
секс попугаев;1196,00
домашние попугаи корелла;1193,00
попугай бесплатно видео;1192,00
#ИМЯ?;1190,00
купить большого попугая;1186,00
попугай открывает;1181,00
день волнистого попугая;1179,00
когти попугая;1178,00
пение попугаев слушать онлайн;1177,00
попугай club;1177,00
домашний попугай уход;1171,00
молодой попугай;1171,00
цвета волнистых попугаев;1166,00
смотреть попугай кеша +все серии;1161,00
волнистые попугаи живут лет;1155,00
попугай мультики смотреть;1153,00
говорящий попугай корелла;1152,00
попугай корелла говорит;1152,00
#ИМЯ?;1150,00
#ИМЯ?;1149,00
38 попугаев детский;1147,00
купить попугая +в спб;1144,00
#ИМЯ?;1139,00
смешные видео про попугаев;1136,00
мультик 38 попугаев;1131,00
цветные попугаи;1131,00
пластиковый попугай;1128,00
попугай +в хорошие руки;1127,00
попугай нахохлился;1122,00
попугай крючком;1122,00
попугай отзывы владельцев;1121,00
попугай +по английски;1121,00
волнистый попугай москва;1119,00
#ИМЯ?;1116,00
мультики попугай +все серии;1116,00
#ИМЯ?;1116,00
попугай пират;1114,00
попугай +я тут;1114,00
породы попугаев фото;1112,00
попугай россии;1112,00
#ИМЯ?;1112,00
говорящий попугай кеша;1106,00
попугай кеша говорит;1106,00
говорящий попугай кеша говорит;1106,00
фильм дама +с попугаем;1104,00
попугай +из бутылок;1102,00
попугай кеша квартал;1101,00
попугаи +до слез;1094,00
#ИМЯ?;1093,00
попугай самогонный;1092,00
сколько лет живут волнистые попугаи;1091,00
попугай значит;1090,00
попугай зерно;1090,00
попугай идет;1090,00
песни попугаев слушать;1089,00
можно ли давать волнистому попугаю;1088,00
клички +для попугаев;1086,00
окрас попугаев;1086,00
покупка попугая;1080,00
линька +у попугаев;1078,00
попугай ночью;1073,00
попугай 2014;1070,00
вольер +для попугаев;1065,00
#ИМЯ?;1065,00
вольеры +для попугаев;1065,00
попугай говорун;1064,00
видео попуганы;1063,00
попугай поет песню;1061,00
попугай григорий видео;1060,00
мультфильмы попугай club;1057,00
фотографии попугаев;1055,00
объявления попугая;1055,00
волнистый попугай цена;1053,00
95 квартал попугай кеша;1052,00
попугаи говорят смотреть видео;1051,00
говорящие попугаи видео смотреть;1051,00
#ИМЯ?;1047,00
попугай club 2014;1046,00
зоомагазин купить попугая;1046,00
38 попугаев смотреть;1045,00
волнистые попугаи онлайн бесплатно;1040,00
попугай club мультфильм 2014;1037,00
стоит волнистый попугай;1035,00
попугай адлер;1031,00
попугай сканворд 4;1031,00
#ИМЯ?;1028,00
попугай г;1027,00
нос попугая;1026,00
попугай жидко;1026,00
#ИМЯ?;1023,00
#ИМЯ?;1023,00
#ИМЯ?;1021,00
новые приключения попугая;1020,00
можно купить попугая;1019,00
волнистые попугаи слушать онлайн бесплатно;1017,00
можно научить попугая;1016,00
попугай кусается;1016,00
попугай наташа;1015,00
#ИМЯ?;1014,00
собака +и попугай;1013,00
попугай 4 буквы сканворд;1012,00
новые приключения попугая кеши;1008,00
попугай корелла +в домашних условиях;999,00
попугай монах;995,00
попугай купается;993,00
остров попугаев;992,00
котенок +и попугай;990,00
попугай продолжительность;988,00
зеленый попугай адлер;988,00
лапки волнистого попугая;987,00
клиника зеленый попугай;985,00
сколько дней попугаи;984,00
симптомы волнистых попугаев;984,00
пение онлайн волнистый попугай;984,00
#ИМЯ?;981,00
#ИМЯ?;978,00
аппарат попугай;978,00
розелла попугай фото;976,00
пение волнистых попугаев слушать онлайн;975,00
рыба попугай аквариумная;975,00
#ИМЯ?;975,00
имена +для попугаев девочек;973,00
какие попугаи говорят;973,00
какие попугаи говорящие;973,00
певчий попугай;968,00
русский попугай;967,00
попугай снесла;967,00
8 попугаев;963,00
попугай корелла отзывы;963,00
питание попугая;962,00
голубой волнистый попугай;961,00
попугай корелла живут;961,00
попугаи виды +и названия;952,00
продолжительность жизни попугаев;949,00
купить попугая +в москве цена;948,00
выпускать попугая;947,00
клетка +для попугая +своими руками;944,00
восковица волнистого попугая;942,00
яркий попугай;938,00
попугай 3 буквы;935,00
сколько стоит попугай корелла;935,00
попугай видео смотреть бесплатно;935,00
попугай кеша хороший;933,00
моющего попугая;931,00
попугай +на улицы;928,00
попугаи воронеж;926,00
симптомы +у попугаев;925,00
жердочка +для попугая;924,00
попугаи кемерово;919,00
пение попугаев бесплатно;918,00
попугай снес яйцо;917,00
покажите попугай;916,00
старый попугай;915,00
#ИМЯ?;914,00
клубника попугаям;913,00
крик попугая;908,00
попугай линяет;908,00
три попугая;907,00
зачем попугай;905,00
чириканье попугая слушать;904,00
звуки попугаев волнистых слушать;902,00
попугай нимфа;899,00
#ИМЯ?;896,00
сколько стоит волнистый попугай;896,00
попугай +из пластиковых бутылок;894,00
фото попугая ару;893,00
попугай корелла видео;893,00
попугай друг;893,00
попугай ара фото;893,00
волнистый попугай +своими руками;892,00
#ИМЯ?;892,00
смотреть попугая кешу бесплатно;891,00
попугай сильно;889,00
попугаи несут яйца;886,00
попугай жако сколько;885,00
мультик попугай кеша +все серии;884,00
крыло волнистого попугая;883,00
город попугаев;883,00
смотреть онлайн +все серии попугай;883,00
белый волнистый попугай;880,00
попугаев тюмень;880,00
попугай танцует под;879,00
попугай грызет;878,00
сайт зеленый попугай;877,00
купить попугая +в минске;876,00
щенок +и попугай;874,00
музыка +для попугаев;873,00
кот +из попугая кеши;872,00
взрослый попугай;871,00
попугай 7 букв;871,00
ожереловый попугай фото;871,00
попугай +для самогонного аппарата;870,00
овощи попугаям;867,00
сколько живут попугаи корелла;865,00
попугаи ижевск;865,00
#ИМЯ?;865,00
авито москва попугай;865,00
пение попугаев слушать бесплатно;864,00
попугай +на плече;863,00
имена +для волнистых попугаев;862,00
виды попугаев фото +и названия;860,00
попугай кеша смотреть подряд;859,00
про попугаев говорящих;858,00
про попугая говорить;858,00
какие бывают попугаи;857,00
какие попугаи разговаривают;855,00
попа попугая;854,00
попугай амазон цена;854,00
попугай попу попу;854,00
белый попугай +с хохолком;854,00
#ИМЯ?;853,00
цветок попугай;853,00
смотреть попугай кеша +все серии подряд;853,00
попугаи саратов;852,00
самый большой попугай;847,00
зеленый волнистый попугай;846,00
#ИМЯ?;842,00
#ИМЯ?;842,00
утро попугая;842,00
#ИМЯ?;840,00
вырасти попугая;840,00
гнездо +для волнистых попугаев;840,00
#ИМЯ?;840,00
песня про попугая;839,00
попугай со;835,00
зеленый попугай официальный сайт;834,00
собака кошка попугай;832,00
розовый попугай;831,00
попугай кеша картинки;828,00
попугай удав мартышка;827,00
волнистый попугай дома;824,00
разные попугаи;823,00
попугаи +в природе;822,00
какие попугаи корелла;821,00
попугай балашиха;821,00
попугай сломал;820,00
попугай амазон купить;819,00
попугая котенок +и щенок;817,00
попугай клуб;817,00
помет волнистого попугая;816,00
банан попугаю;811,00
сенегальский попугай;807,00
детская мебель попугай;807,00
пение попугаев слушать онлайн бесплатно;806,00
попугай перестал;805,00
кормушка +для попугаев;804,00
дикий попугай;804,00
юла попугай;804,00
желтый волнистый попугай;802,00
лучшие говорящие попугаи;800,00
ученный попугай;800,00
можно попугаю клубнику;796,00
купание попугая;793,00
признаки попугая;793,00
неразлучники попугаи +в домашних;791,00
пение волнистых попугаев бесплатно;790,00
смотреть про попугая кешу;789,00
попугай корелла мальчик;785,00
авито клетка +для попугая;785,00
аквариумная рыбка попугай;781,00
село попугаев;781,00
размножение волнистых попугаев;780,00
детская мебель 38 попугаев;779,00
попугай орет;778,00
попугай мультфильм онлайн;774,00
сколько попугай какаду;774,00
аллергия +на попугаев;771,00
рыба попугай фото;769,00
авито волнистые попугаи;769,00
попугай +у стругацких 5;768,00
витамины +для попугаев;766,00
где можно купить попугая;765,00
попугай курляндского;765,00
смотреть бесплатно про попугаев;764,00
какую траву можно попугаям;763,00
сколько лет живут домашние попугаи;763,00
фото попугаев домашних;763,00
попугай танцует видео;762,00
танцующие попугаи видео;762,00
веселый попугай;761,00
#ИМЯ?;761,00
волнистый попугай чирикает;759,00
разговорчивые попугаи;759,00
38 попугаев скачать;759,00
песни волнистых попугаев;756,00
смотреть онлайн мультфильмы попугай;755,00
попугай кеша мультфильм смотреть;754,00
цихлида попугай;753,00
почему попугай корелла;753,00
пение волнистых попугаев слушать бесплатно;753,00
попугай садится;752,00
38 попугаев онлайн;752,00
отдам даром попугая;751,00
какапо попугай;750,00
виды домашних попугаев;745,00
попугай чихает;744,00
попугай +у стругацких 5 букв;744,00
песни +для попугаев;743,00
купить корм +для попугаев;741,00
38 попугаев +все серии;740,00
попугаи мультик +все серии подряд;739,00
кольчатый попугай;739,00
неразлучники попугаи +в домашних условиях;737,00
зеленый попугай балашиха;736,00
жизнь волнистых попугаев;732,00
попугай смеется;730,00
#ИМЯ?;730,00
попугаи +и другая;728,00
попугай канарейка;725,00
прикольные попугаи;724,00
попугай ищет;724,00
покупаем попугая;723,00
#ИМЯ?;721,00
#ИМЯ?;721,00
волнистый попугай чех;720,00
попугай +из покрышки;718,00
попугай +у стругацких сканворд;718,00
коричневые попугаи;717,00
распечатать попугая;717,00
купить волнистого попугая +в москве;715,00
ожереловый попугай купить;712,00
10 попугаев;712,00
попугай ругается;711,00
чириканье попугаев волнистых слушать;711,00
попугай амазон фото;710,00
сколько лет живут попугаи +в домашних условиях;710,00
ручной попугай;710,00
попугай плачет;709,00
плачущий попугай;709,00
домик +для волнистых попугаев;709,00
интересные попугаи;708,00
плохо летающий попугай;707,00
удав +в попугаях;703,00
клетки +для попугаев недорого;702,00
пение волнистых попугаев бесплатно онлайн;702,00
пение волнистого попугая слушать онлайн бесплатно;700,00
имена +для попугаев корелла;698,00
попугай жако москва;696,00
смотреть мультик попугай кеша;695,00
попугай новой зеландии;692,00
#ИМЯ?;691,00
#ИМЯ?;691,00
#ИМЯ?;689,00
попугай матерится;689,00
разноцветный попугай;687,00
попугай пермь;686,00
порода попугая корелла;685,00
попугай корелла поет;682,00
#ИМЯ?;682,00
скачать игру попугай;678,00
попугай тяжело;678,00
дама +с попугаем 1988;677,00
кеа попугай;677,00
поведение попугаев;676,00
волнистый попугай отзывы;676,00
попугай жако видео;673,00
говорящий попугай цена;673,00
разговаривают ли попугаи;673,00
пьяные попугаи;670,00
домашний попугай +в клетке;670,00
попугай видео скачать;669,00
попугаи разновидности +с фото;668,00
попугай съел попугая;666,00
попугай гриша;663,00
домашние попугаи уход +и содержание;663,00
дама +с попугаем фильм 1988;662,00
можно ли попугаям клубнику;662,00
кормление попугаев;661,00
африканские попугаи;660,00
неразлучники попугаи сколько;660,00
попугай +и кот видео;658,00
#ИМЯ?;657,00
попугай петербург;657,00
купить большую клетку +для попугая;654,00
мультфильм приключение попугая;654,00
корелла попугай пол;654,00
зоб +у попугая;653,00
огурцы попугаям;651,00
серый попугай 4;650,00
попугай высиживает яйца;650,00
попугай падает;648,00
зеленый попугай ветеринарная;648,00
тема попугай;648,00
#ИМЯ?;647,00
стул попугая;646,00
голоса волнистых попугаев;645,00
отличие попугаев;645,00
попугай кеша 2005;643,00
поилка +для попугая;642,00
ожереловый попугай цена;642,00
наросты +у волнистого попугая;641,00
попугай +в аквариуме;640,00
бу попугаи;640,00
мультфильмы приключения попугая кеши;639,00
семечки попугай;638,00
попугаи +в краснодаре;638,00
радужный попугай;635,00
попугай кеша торрент;635,00
пища попугая;634,00
купить птенца попугая;634,00
сколько живут попугаи +в клетке;633,00
мультик попугай кеша +все серии подряд;633,00
уход +за волнистыми попугаями;632,00
#ИМЯ?;632,00
попугай вылетел;632,00
болезни попугаев +и лечение;632,00
попугай кеша фото;630,00
помоги попугаю;630,00
стенды +для попугаев;629,00
четыре попугая;628,00
приколы +с попугаями видео;628,00
#ИМЯ?;627,00
написать попугай;627,00
мультики про попугаев +все серии;624,00
купалка +для попугая;623,00
фабрика 38 попугаев;623,00
#ИМЯ?;622,00
попугай после покупки;622,00
попугай +в добрые;622,00
картина попугай;622,00
попугай слоненок удав;622,00
#ИМЯ?;621,00
спаривание попугаев;621,00
#ИМЯ?;621,00
виды говорящих попугаев;619,00
игровая +для попугая;619,00
фильмы про попугаев;617,00
#ИМЯ?;617,00
#ИМЯ?;617,00
игра попугай кеша;617,00
попугай перевод;616,00
приключения попугая кеши 2005;615,00
#ИМЯ?;614,00
#ИМЯ?;614,00
новые приключения попугая кеши 2005;613,00
новые приключения попугая кеши мультфильм;612,00
#ИМЯ?;612,00
сколько живут волнистые попугаи +в клетке;612,00
попугай санкт петербург;611,00
попугай выщипывает;610,00
вид попугая сканворд;609,00
#ИМЯ?;608,00
путешествие попугай;608,00
почему +у попугая перья;607,00
#ИМЯ?;607,00
зеленый попугай ветеринарная клиника;607,00
голова волнистого попугая;605,00
видеть +во сне попугая;605,00
#ИМЯ?;605,00
#ИМЯ?;604,00
смотреть мультики про попугаев;604,00
попугай ru;603,00
интерактивный попугай;601,00
домашние попугаи +как ухаживать;601,00
попугаи +в нижнем;601,00
волнистый попугай уход +в домашних условиях;601,00
100 попугаев;600,00
мартышка слоненок попугай;600,00
линька +у волнистых попугаев;599,00
глаз волнистого попугая;598,00
слон попугай;597,00
серый попугай 4 буквы;597,00
купить попугая +в новосибирске;597,00
38 попугаев ижевск;596,00
попугай +в добрые руки;596,00
новые приключения попугая кеши мультфильм 2005;595,00
#ИМЯ?;595,00
приключения попугая кеши мультфильм 2005;595,00
говорят ли попугаи;594,00
маленькие попугаи волнистые;592,00
клетки +для попугаев корелла;591,00
молодой волнистый попугай;591,00
попугай похожий;591,00
#ИМЯ?;590,00
#ИМЯ?;590,00
попугай +и чудовище;589,00
волнистый попугай хвост;588,00
пара волнистых попугаев;588,00
попугай кеша +все серий онлайн;587,00
попугай кеша +и чудовище;587,00
попугаю можно давать траву;586,00
#ИМЯ?;585,00
можно попугаю банан;585,00
разведение волнистых попугаев;585,00
клетка +для волнистого попугая купить;585,00
дно клетки попугая;584,00
список попугаев;584,00
смотреть видео про попугаев;584,00
песнь волнистого попугая;583,00
попугай лежит;582,00
длина попугая;581,00
попугай трясется;581,00
какого цвета попугай;581,00
скачать про попугая;581,00
зоомагазин волнистые попугаи;580,00
купить попугаев интернете;580,00
птичка попугай;580,00
игрушки +для попугаев волнистых;578,00
рынок попугаев;578,00
скачать песню попугай;577,00
какую траву дают попугаям;575,00
лампа +для попугая;575,00
волнистый попугай часто;575,00
мультфильм про кешу попугая +все серии;575,00
переноска +для попугая;572,00
попугай +из пластилина;569,00
попугаи уход +и содержание +в домашних условиях;568,00
#ИМЯ?;567,00
волнистому попугаю месяц;566,00
попугай картинка +для детей;566,00
рот попугая;566,00
понос +у волнистого попугая;566,00
фон попугаи;566,00
смерть попугая;565,00
про попугая кешу +все серии подряд;564,00
38 попугаев мультфильм смотреть;562,00
попугай кеша скачать торрент;562,00
#ИМЯ?;562,00
можно ли кормить попугаев;561,00
попугай 1 класс;561,00
минусы попугая;559,00
попугай корелла самец;559,00
австралийский попугай;558,00
попуганы купить;558,00
хлеб попугаю;558,00
попугай выщипывает перья;558,00
хазанов попугай;557,00
можно попугаям огурец;557,00
попугай айболита;557,00
крупный попугай 5;557,00
черешня попугаям;556,00
какие фрукты можно попугаям;556,00
попугай повторяет;556,00
почему +у попугая клюв;556,00
можно ли попугаю корелла;555,00
вышивка попугаи;555,00
мультики про кешу попугая +все серии;554,00
кеша попугай смотреть онлайн +все серии;553,00
мультфильм блудный попугай;552,00
онлайн про попугаев;552,00
#ИМЯ?;551,00
попугай +для самогона;550,00
видео про говорящих попугаев;550,00
попугай шея;550,00
попугать человека;550,00
волнистый попугай болезни симптомы;550,00
попугаи цены +в зоомагазине;549,00
попугай полли;549,00
странный попугай;549,00
игрушки +для попугаев +своими руками;548,00
ожереловый попугай отзывы;548,00
волнистый попугай мальчик +или девочка;548,00
попугай простой;547,00
смотреть смешные попугаи;547,00
сколько лет живут волнистые попугаи +в домашних;545,00
перевезти попугая;545,00
теле попугай;544,00
#ИМЯ?;544,00
отдам попугая +в хорошие;544,00
попугай +из шины;543,00
#ИМЯ?;543,00
разговор волнистых попугаев;543,00
живут попугай неразлучник;543,00
попугай кеша онлайн бесплатно;542,00
хирург попугаев;542,00
#ИМЯ?;541,00
#ИМЯ?;541,00
почему самка попугая;541,00
#ИМЯ?;541,00
попугай +у стругацких 5 букв сканворд;540,00
хочу говорящего попугая;540,00
выставочные попугаи;539,00
попугай боится рук;539,00
попугай карандашом поэтапно;538,00
попугай беловежская;538,00
желто зеленый попугай;538,00
возьму попугая +в хорошие;537,00
хочу завести попугая;537,00
отдам попугая +в хорошие руки;536,00
#ИМЯ?;534,00
#ИМЯ?;533,00
попугай тяжело дышит;533,00
попугая накрывать;531,00
алиса попугаев;530,00
рома +и попугай;530,00
костюм попугая;529,00
попугай фото описание;529,00
попугай кеша видео;528,00
попугай самец +или самка;528,00
волнистый попугай сидит;528,00
редкие попугаи;528,00
возьму попугая +в хорошие руки;527,00
попугай чешет;525,00
приму попугаев;525,00
клещ +у волнистого попугая;523,00
попугай болеет;523,00
попугаи +в нижнем новгороде;523,00
удав попугай мартышка слоненок;522,00
пшено попугаям;522,00
смешные попугаи +до слез;522,00
каик попугай;522,00
продам говорящего попугая;521,00
купить попугая +в магазине;520,00
попугай розелла купить;520,00
принимаю попугаев;520,00
размер волнистого попугая;520,00
кроссворды попугай;519,00
купить клетку +для попугая недорого;519,00
обучение попугая;518,00
живого попугая;518,00
#ИМЯ?;517,00
больной попугай;517,00
крупный попугай 5 букв;517,00
#ИМЯ?;517,00
говорящий волнистый попугай видео;516,00
#ИМЯ?;516,00
38 попугаев кемерово;516,00
волнистый попугай говорит видео;516,00
попугай корелла москва;514,00
попугай приметы;514,00
попугай вести;514,00
попугай +в воде;511,00
мультфильм возвращение попугая;511,00
попугай поет беловежскую;511,00
мат попугаев;510,00
курляндский возвращение блудного попугая;510,00
попугаев пластический;510,00
яйцо попугаям можно;509,00
волнистые попугаи разговаривают видео;509,00
где живут попугаи;509,00
попугаи неразлучники видео;509,00
попугай бой;509,00
номер попугаев;509,00
попугай хохлится;508,00
сколько времени попугаи;508,00
пол попугая фото;507,00
попугай говорит бесплатно;506,00
говорящие попугаи бесплатно;506,00
содержание волнистых попугаев +в домашних;504,00
скачать блудный попугай;504,00
окрасы волнистых попугаев;504,00
самка волнистого попугая +как отличить;504,00
попугаи корелла данные;503,00
возвращение блудного попугая мультфильм;503,00
ожереловый попугай содержание;503,00
клуб белый попугай;503,00
розелла попугай цена;503,00
рисунок попугая карандашом;503,00
38 попугаев подряд;502,00
корм +для средних попугаев;502,00
попугаи обитают;502,00
картинки волнистых попугаев;501,00
высоцкий попугай;501,00
попугаи 3 класс;501,00
нашелся попугай;501,00
самый умный попугай;499,00
попугай амадин;499,00
какие попугаи самые;499,00
можно ли держать попугая;498,00
купить попугая нижний;498,00
попугай фишер;497,00
сколько стоит попугай ару;496,00
волнистый попугай вода;496,00
сколько стоит попугай ара;496,00
38 попугаев +все серии подряд;495,00
попугай +для начинающих;495,00
попугай +во время;495,00
мазь +для попугая;495,00
попугай кеша смотреть онлайн бесплатно;495,00
попугаи +на телефон;494,00
яблоки попугаям;494,00
вылупился попугай;494,00
попугаи неразлучники уход;494,00
смотреть +все серии про попугая кешу;493,00
какую траву можно давать попугаям;492,00
#ИМЯ?;492,00
попугая трясет;491,00
голос попугая слушать;491,00
автор 38 попугаев;490,00
куплю чех попугая;489,00
попугай б;489,00
группа попугай;489,00
корм +для попугаев рио;488,00
попугай какает;488,00
поделка попугай;488,00
виды средних попугаев;487,00
попугай летит;486,00
попугай пуща;486,00
попугай новые серии;485,00
смотреть мультик про попугая кешу;485,00
песнь попугая слушать;484,00
попугай беловежская пуща;484,00
попугаев пластический хирург;484,00
пристроить попугая;484,00
попугаи черепаха;483,00
продажа попугаев +на авито;483,00
попугай жако отзывы;482,00
смотреть мультик попугай +все серии;481,00
попугай корелла самка;481,00
зоопарк попугаев;481,00
настоящие попугаи;480,00
9 попугаев;480,00
38 попугаев смотреть онлайн;480,00
дерево +для попугая;479,00
стоит попугай жако;477,00
#ИМЯ?;477,00
длиннохвостый попугай;476,00
попугай открывает клюв;476,00
рождение попугая;476,00
смешные попугаи видео смотреть;476,00
открытый клюв попугая;476,00
попугай йошкар ола;476,00
какую траву можно попугаям волнистым;476,00
корма +для попугаев отзывы;476,00
стриженный попугай;475,00
#ИМЯ?;475,00
попугай уфа;473,00
можно ли попугаю банан;473,00
раскраска попугай распечатать;473,00
сколько стоит клетка +для попугая;473,00
пение попугая корелла;472,00
сколько стоит попугай жако;471,00
попугаи домашнего разведения;471,00
бесплатно мультик попугай;470,00
возвращение попугая скачать;470,00
попугай корелла слушать;469,00
можно попугаям черешню;469,00
условия содержания волнистых попугаев;469,00
опасные попугаи;468,00
утро попугая кеши;468,00
можно ли попугаям огурцы;468,00
попугаи украина;468,00
#ИМЯ?;466,00
попугай голубой ара;466,00
говорящий попугай игра;465,00
#ИМЯ?;465,00
игры попугай говорит;465,00
оригами +из бумаги попугай;465,00
смотреть попуган;465,00
попугаи +в самаре;465,00
завести говорящего попугая;465,00
мама попугай;464,00
убитый попугай;464,00
вечерний квартал попугай;464,00
попуган бой;464,00
хочу продать попугая;463,00
попугай попугай попугай 2 класс;463,00
можно попугаю хлеб;463,00
дешевые попугаи;463,00
кал попугая;462,00
горный попугай;461,00
попугай +не хочет говорить;461,00
оранжевый попугай;460,00
33 попугая мультфильм;459,00
заводчики волнистых попугаев;459,00
попугай ищет наташу;458,00
попугаи волгоград;458,00
вид попугаев 7;458,00
попугаям можно одуванчики;457,00
игра попугай ответы;457,00
попугай говорит кеша хороший;457,00
#ИМЯ?;457,00
попугай поет беловежскую пущу;457,00
попуганы мультик;456,00
возвращение блудного попугая скачать;456,00
залетел попугай;456,00
два волнистых попугая;455,00
сад попугаев;455,00
#ИМЯ?;455,00
клетка +для попугая цена;454,00
попугай сидит нахохлившись;453,00
38 попугаев магазин;452,00
фото болезней попугаев;452,00
12 попугаев;452,00
самые красивые попугаи;452,00
кеша попугай +все серии подряд бесплатно;451,00
содержание волнистых попугаев +в домашних условиях;451,00
попугай гоша;450,00
попугай +что ли;450,00
какие породы попугаев;450,00
попугай казань;450,00
попугай ворон;449,00
попугай нимфа корелла;448,00
лысый попугай;448,00
остер попугаев;447,00
условия +для попугаев;447,00
форум волнистых попугаев;447,00
попугай вялый;447,00
4 попугая котенок;447,00
приколы попугаи говорят;447,00
попугай неразлучник фото цена;446,00
#ИМЯ?;446,00
скачать майнкрафт +с попугаями;446,00
палочки +для попугаев;446,00
#ИМЯ?;446,00
рассказ про попугая;446,00
сколько попугаи высиживают;446,00
крупный попугай сканворд;445,00
клетки +для попугая москва;444,00
удав +из 38 попугаев;444,00
заказать попугая;443,00
попугаи мальчики +как определить;443,00
где купить волнистого попугая;442,00
заболевания попугаев;442,00
попугай м;441,00
попугай ара живет;440,00
попугай кратко;440,00
имена +для попугаев мальчиков волнистых;440,00
адаптация попугая;440,00
#ИМЯ?;440,00
возраст попугаев корелла;440,00
морской попугай;439,00
капуста попугаю;439,00
вид попугаев 7 букв;439,00
хозяин +с попугаем;439,00
сколько стоит попугай какаду;438,00
попугай желто красный;438,00
#ИМЯ?;438,00
38 попугаев мебель ижевск;437,00
38 попугаев мебель кемерово;436,00
деревня попугай;436,00
попугаи америки;436,00
недорогой попугай +в москве;435,00
лучшие корма +для попугаев;435,00
4 попугая котенок +и щенок;435,00
почему попугай сидит;435,00
попугай пищит;434,00
какого попугая завести;434,00
сколько стоит говорящий попугай;432,00
попугай кеша +все серии смотреть бесплатно;432,00
попугай говорит сколько стоит;432,00
почему попугай дрожит;432,00
#ИМЯ?;432,00
попугай +из алладина;432,00
купить попугая +в москве недорого;432,00
попугай +на английском языке;431,00
попугаи видео ютуб;431,00
смешные говорящие попугаи;430,00
попугаи смешно говорят;430,00
почему +у попугая выпадают;429,00
купить попугая +в екатеринбурге;429,00
смотреть мультик попугай кеша +все серии;429,00
совместимость попугаев;428,00
попугай ульяновск;427,00
помощь попугаю;426,00
попугай корелла девочка;426,00
попугаи волнистые 2;426,00
тридцать попугаев;425,00
#ИМЯ?;425,00
попугай проблемы;424,00
попугай кеша новые серии;424,00
проект попугай;424,00
попугай особенности;424,00
попугаи +в красноярске;423,00
здоровый попугай;423,00
дорогие попугаи;423,00
онлайн видео попугае;422,00
шоу попугаев;422,00
какие ветки можно попугаям;421,00
про попугая кешу бесплатно;421,00
попугай текст песни;420,00
попугай вернулся;420,00
питомец попугай;419,00
поли попугай;419,00
попугай никулина;419,00
говорящий попугай москва;419,00
попугай внешний вид;418,00
яйцо попугана;418,00
фотки попугаев;418,00
попугай мастер класс;417,00
сказка про попугая;416,00
попугай клюет;416,00
магазин клеток попугаев;416,00
часы попугай;414,00
зеленый попугай фото;414,00
зеленый попугай краснодар;414,00
#ИМЯ?;414,00
клички +для попугаев мальчиков;414,00
болезни попугаев волнистых +и +их лечение;414,00
красный попугай ара;413,00
рацион попугая;413,00
попугай курица;413,00
попугай актер;413,00
сколько попугаи высиживают яйца;413,00
смотреть онлайн про попугая;412,00
приручение попугая;412,00
совиный попугай 6;412,00
условия разведения попугаев;411,00
попугай вака;411,00
попугай бесплатно отдам;410,00
час попугая;410,00
снять попугаев;409,00
попугай ярославль;409,00
прыгающие попугаи;409,00
попугай +из бисера;409,00
#ИМЯ?;409,00
самочка попугая;408,00
попугаи породы названия;408,00
#ИМЯ?;408,00
мартышка 38 попугаев;407,00
пропал попугай;407,00
пшено можно попугаем;407,00
аппликация попугай;406,00
продажа волнистых попугаев;406,00
блохи +у попугаев;405,00
попугай воробей;405,00
разведение попугаев +в домашних условиях;405,00
тула попугай;405,00
второй попугай;405,00
#ИМЯ?;405,00
волнистые попугаи нужно ли;404,00
страна попугаев;404,00
опухоль +у попугая;403,00
стоимость попугая жако;403,00
попугай крючком схема;403,00
когти волнистых попугаев;402,00
#ИМЯ?;402,00
авито тюмень попугай;402,00
детская мебель 38 попугаев официальный;402,00
машина попугай;401,00
попугаи ру;401,00
попугай говорун ответы;401,00
нарост +у попугая +на клюве;400,00
посмотреть попугаев;400,00
смотреть 38 попугаев +все серии;400,00
попугай мульт;400,00
какие деревья можно попугаям;399,00
попугай шишка;398,00
простуда попугая;397,00
#ИМЯ?;397,00
учить попугая говорить;397,00
корелла попугай яйца;397,00
милые попугаи;396,00
волнистые попугаи спб;396,00
попугай 7 букв сканворд;396,00
попугаи +по инструкции;396,00
видео про попугаев бесплатно;396,00
квакер попугай;395,00
волнистые попугаи продолжительность;395,00
попугай +по клеточкам;395,00
кот +из мультика попугай;394,00
заводчики попугаев купить;394,00
воробьиный попугай;394,00
идиш попугай;394,00
беременный волнистый попугай;394,00
детская мебель 38 попугаев официальный сайт;393,00
клетка +для попугая размеры;392,00
#ИМЯ?;391,00
попугай значение;391,00
мультфильм попугай кеша бесплатно;391,00
крупный попугай 5 букв сканворд;390,00
попугай начал говорить;390,00
фигурки попугаев;390,00
большие попугаи фото;390,00
смотреть бесплатно попугай кеша +все серии подряд;389,00
#ИМЯ?;388,00
индийский попугай;388,00
попугай ара москва;387,00
скачать +все серии попугай;387,00
золотой попугай;386,00
домик +для попугаев +своими руками;386,00
можно ли попугаю черешню;388,00
мультфильмы попугай кеша бесплатно;388,00
совиный попугай 6 букв;388,00
волнистый попугай дрожит;387,00
аппликация попугай;387,00
пиратский попугай;387,00
#ИМЯ?;387,00
беременный волнистый попугай;387,00
волнистый попугай лапы;386,00
золотой попугай;386,00
попугаи +в челябинске;386,00
#ИМЯ?;386,00
заводчики попугаев купить;385,00
волнистые попугаи скачать;385,00
попугай белгород;384,00
породы попугаев +с фотографиями;384,00
домик +для попугаев +своими руками;384,00
попугай ара москва;384,00
продолжительность жизни волнистых попугаев;384,00
пропал попугай;384,00
попугай под музыку;384,00
попугай говорящий +на идиш;383,00
попугай кеша +в хорошем качестве;383,00
большие попугаи фото;382,00
аратинга попугай;382,00
смотреть бесплатно попугай кеша +все серии подряд;382,00
ожереловый попугай видео;382,00
гнездо +для попугая +своими руками;382,00
#ИМЯ?;381,00
проект попугай;381,00
зеленый попугай отзывы;381,00
попугаи контакт;381,00
видео попугай смотреть онлайн;381,00
почему попугай чешется;380,00
воробьиный попугай;380,00
индийский попугай;380,00
зоомагазин москва попугаи;379,00
антибиотики попугаю;379,00
шаблон попугая;379,00
восемь попугаев;379,00
жидкий стул +у попугая;379,00
белый попугай никулин;378,00
38 попугаев йошкар;378,00
оперение попугаев;378,00
#ИМЯ?;377,00
38 попугаев йошкар ола;377,00
голубой попугай фото;377,00
программа попугай;377,00
фиолетовый попугай;377,00
мелкий попугай;376,00
песни попугаев волнистых слушать;375,00
лапы попугая волнистого;375,00
антибиотики попугаю;374,00
38 попугаев йошкар;374,00
клюв попугая +чем питается;374,00
попугай поджимает;373,00
38 попугаев йошкар ола;373,00
вольер +для попугаев +своими руками;372,00
попугай бу тюмень авито;372,00
породы попугаев +с фотографиями;372,00
попугай кеша +все серии подряд онлайн;372,00
#ИМЯ?;372,00
#ИМЯ?;372,00
вольеры +для попугаев +своими руками;372,00
корм +для крупных попугаев;372,00
попугаи +в челябинске;371,00
новозеландский попугай;371,00
сказка 38 попугаев;371,00
мультики про попугая кешу +все серии подряд;371,00
попугай карту;371,00
самый волнистый попугай;370,00
американский попугай;370,00
белый попугай никулин;370,00
волнистый попугай уход +и содержание +в домашних;370,00
купить попугая ростов +на дону;369,00
#ИМЯ?;369,00
площадка +для попугая;369,00
говорящий попугай видео бесплатно;369,00
московский попугай;369,00
обои +с попугаями;368,00
шлейка +для попугая;368,00
доктор попугаев;368,00
можно ли попугаю черешню;368,00
смотреть бесплатно мультик попугай;368,00
боцман +и попугай мультсериал;367,00
попугай вырывает;367,00
попугаи африки;367,00
смешное видео попугай говорит;367,00
смешные говорящие попугаи видео;367,00
мягкие попугаи;367,00
почему попугай чешется;367,00
клетки +для попугаев фото;367,00
#ИМЯ?;366,00
содержание попугая жако;366,00
купить попугая жако +в москве;366,00
приколы +с попугаями +до слез;366,00
возвращение блудного попугая читать;366,00
программа попугай;365,00
мелкие попугаи;365,00
#ИМЯ?;365,00
ожереловый попугай уход;363,00
попугаи африки;363,00
купить попугая +в +в новгороде;363,00
московский попугай;363,00
видео где попугай;362,00
попугаи бегемоты;362,00
какого попугая купить;362,00
владимир попугаев;362,00
аудиосказка попугай;362,00
мультфильмы 38 попугаев +все серии;362,00
какую траву давать попугаям волнистым;362,00
попугай прячет голову;362,00
попугаи оптом;361,00
попугай +не ест +и +не пьет;361,00
большой волнистый попугай;361,00
говорящий попугай видео бесплатно;361,00
парк попугаев;361,00
корм +для крупных попугаев;361,00
укроп попугаям;360,00
звук издающий попугай;360,00
мертвый попугай;360,00
размножение попугаев +в домашних условиях;359,00
рожденные попугай;359,00
роди попугаев;359,00
#ИМЯ?;359,00
сколько стоят попугаи +в зоомагазине;359,00
попугай тверь;359,00
содержание попугая жако;359,00
загадка про попугая;358,00
48 попугаев;358,00
почему попугай спит;357,00
20 попугаев;357,00
38 попугаев детская мебель ижевск;357,00
попугаи самцы фото;355,00
купить попугая жако +в москве;355,00
определите +по внешнему виду клюва попугая;355,00
#ИМЯ?;355,00
клетки +для попугаев фото;355,00
попугай неразлучник содержание;354,00
зеленый попугай клиника балашиха;354,00
попугай +и хомяк;354,00
волнистый попугай зоб;354,00
ожереловый попугай разговаривает;353,00
блудный попугай кеша;353,00
попугаи тольятти;353,00
волнистый попугай постоянно;353,00
попугай вырывает;353,00
заболел попугай корелла;353,00
говорящие попугаи породы;353,00
попуганы скачать;352,00
игра попугай говорун;352,00
смешные говорящие попугаи видео;352,00
смешное видео попугай говорит;352,00
сколько живет попугай ара;352,00
мультфильм попугай кеша +и чудовище;351,00
срок жизни попугаев;351,00
38 попугаев смотреть подряд;351,00
смотреть 38 попугаев +все серии подряд;350,00
попугаи +в ростове +на дону;350,00
приключения блудного попугая;349,00
каталог попугаев;349,00
попугай +из бутылки +своими руками;349,00
попугай голубого цвета;349,00
выставочные волнистые попугаи;349,00
попугай иркутск;348,00
купить попугая +в воронеже;348,00
купить попугая +в ростове;348,00
плавающий попугай;347,00
дуэт попугаев;347,00
раскрашивать попугая;346,00
38 попугаев картинки;346,00
верный попугай;346,00
попугаи брянск;346,00
четыре попугая котенок;345,00
#ИМЯ?;345,00
приколы +с попугаями +до слез видео;345,00
попугай +как будто;345,00
попугаи беларусь;344,00
38 попугаев мебель официальный сайт кемерово;343,00
попугаи зеленого цвета;343,00
говорят попугаи смотреть бесплатно;342,00
самый маленький попугай;342,00
говорящие попугаи смотреть бесплатно;342,00
история про попугая;342,00
38 попугаев слушать;342,00
38 попугаев читать;342,00
попугай калита;342,00
озвучка попугая;342,00
попугаи вредны;341,00
ноздри попугая;341,00
четыре попугая котенок +и щенок;341,00
остер 38 попугаев;341,00
пол волнистых попугаев фото;341,00
фото попугаев самок;341,00
ожереловый попугай уход +и содержание;341,00
38 попугаев фабрика мебели;341,00
#ИМЯ?;341,00
мультик попугай рома;340,00
попугаи барнаул;340,00
нелетающий попугай;340,00
домашние попугаи корелла сколько живут;339,00
кот +из мультика попугай кеша;339,00
сочинение попугаи;339,00
скачать игру попугай кеша;339,00
попугай +из пластиковых +своими руками;339,00
купить птенца волнистого попугая;338,00
виды попугаев цены;338,00
связанный попугай;338,00
#ИМЯ?;338,00
попуган 1;338,00
видео попугая наташа;338,00
#ИМЯ?;338,00
попугай жора;337,00
можно ли попугаям одуванчики;337,00
про попугая рому;337,00
попугай чебоксары;337,00
змея попугай;337,00
роды попугая;336,00
еда +для попугаев;336,00
попугай кеша смотреть онлайн +все серии подряд;336,00
растение попугай;336,00
купить попугая +в нижнем новгороде;336,00
смотреть бесплатно видео про попугаев;336,00
александров попугай;335,00
карелл попугай;335,00
продаются попугай;335,00
благородный попугай;334,00
попугай упал;333,00
попугай кеша слушать;333,00
можно попугаю капусту;333,00
приколы попугаев смеются;333,00
попугай василий;333,00
#ИМЯ?;333,00
#ИМЯ?;333,00
#ИМЯ?;333,00
попугай молчит;332,00
волнистые попугаи смотреть;332,00
попугаи +в саратове;332,00
попугай карту;332,00
клетки +для попугаев интернет магазин;332,00
видео смешные попугаи +до слез;331,00
#ИМЯ?;331,00
#ИМЯ?;330,00
большой белый попугай;330,00
приколы +с попугаями видео смеяться;330,00
круглые попугаи;330,00
попугаи видео смеяться +до слез;330,00
попугай смеется +до слез;330,00
клубника волнистым попугаям;330,00
жако попугай уход;330,00
#ИМЯ?;329,00
тридцать восемь попугаев;329,00
#ИМЯ?;329,00
попуганы фото;329,00
#ИМЯ?;329,00
купить попугая жако цена;329,00
зеленый попугай гостиница;329,00
попугай домой;328,00
попугай алиэкспресс;328,00
можно ли попугаям хлеб;328,00
болезни попугаев симптомы лечение;328,00
попугай опухает;328,00
волнистые попугаи разговаривают мальчики;327,00
песня попугая высоцкий;327,00
попугаи целуются;327,00
покупка волнистого попугая;327,00
попугай ругается матом;326,00
попугай +в домашних условиях видео;326,00
вид попугая 4;326,00
попугай герой;326,00
песня попугая кеши;325,00
попугай mp3;325,00
семя +для попугаев;324,00
попугай жако говорит;324,00
говорящий попугай жако;324,00
купить попугая +в краснодаре;324,00
попугай амазон видео;324,00
сколько живут попугаи корелла +в домашних условиях;323,00
какого попугая лучше завести;323,00
волнистый попугай чешется;323,00
сыр попугаю;323,00
жердочки +для волнистых попугаев;323,00
попугай +на окне;323,00
попугаи дерутся;323,00
уши +у попугая;323,00
авито спб попугай;323,00
попугай обычное;323,00
попугай плачет +как ребенок;322,00
приколы +с попугаями видео смеяться +до слез;322,00
попугай плачущий +как ребенок;322,00
картинки попуганы;321,00
смешные попугаи бесплатно;321,00
попугай мультик картинка;320,00
попугай кеша +и чудовище 2006;320,00
попугай капитана;320,00
попугай без еды;320,00
бесплатные мультики попугай кеша;320,00
попугай кеша скачать бесплатно;320,00
породы домашних попугаев;320,00
тест попугаев;320,00
какую траву можно давать попугаям волнистым;319,00
крокодил +и попугай;319,00
жердочки +для волнистых попугаев;318,00
про попугая детям;318,00
зоомагазин купить попугая цена;318,00
авито спб попугаи;318,00
#ИМЯ?;318,00
попугай плачет +как ребенок;318,00
вязаный попугай;318,00
волнистый попугай нахохлился;318,00
зоомагазин москва купить попугая;318,00
попугай плачущий +как ребенок;318,00
#ИМЯ?;317,00
какие фрукты дают попугаям;317,00
попугай без еды;317,00
попугай крючком описание;317,00
попугай кеша +и чудовище мультфильм 2006;317,00
попугай беременность;317,00
попугаи +в майнкрафте 1.12;317,00
породы домашних попугаев;316,00
разговаривают ли волнистые попугаи;316,00
сколько попугаев +в россии;316,00
приколы +с попугаями видео смеяться +до слез;316,00
какой корм +для попугаев;316,00
голубь попугай;316,00
#ИМЯ?;316,00
игры про попугаев;315,00
попугай сидит +на дне;315,00
какие попугаи живут;315,00
клубника волнистым попугаям;315,00
нарисовать попугая +для детей;315,00
смотреть мультфильм про попугаев;314,00
владельцы ожерелового попугая;314,00
попугаи новокузнецк;314,00
сколько попугаев +в удаве;314,00
попугай киров;314,00
можно ли попугаям пшено;314,00
смотреть бесплатно про попугая кеши;313,00
#ИМЯ?;313,00
сколько живут попугаи какаду;313,00
попугай амазон видео;313,00
говорящий попугай фото;313,00
попугай альбинос;312,00
тест попугаи;312,00
мир больших попугаев;312,00
волнистый попугай первые;312,00
попугай андроид;311,00
говорящий попугай ответы;311,00
голоса попугаев волнистых слушать;311,00
#ИМЯ?;311,00
#ИМЯ?;310,00
попугаи хабаровск;310,00
#ИМЯ?;310,00
сколько попугаев +в россии;310,00
бананы волнистому попугаю;310,00
волнистые попугаи приучать;310,00
смотреть мультфильмы про попугая;309,00
38 попугаев ижевск официальный;309,00
попугай корелла содержание +в домашних;309,00
рассказ +о попугае;309,00
почему умер попугай;308,00
#ИМЯ?;308,00
сколько попугаев +в удаве;307,00
возвращение блудного попугая книга;307,00
нарисовать попугая +для детей;307,00
крупные попугаи купить;307,00
ванночки +для попугаев;307,00
#ИМЯ?;306,00
факты +о попугаях;306,00
попугай снес яйцо +что делать;306,00
#ИМЯ?;306,00
попугай +на ветке;306,00
игры про попугаев;306,00
мир больших попугаев;306,00
эклектус попугай;305,00
голоса попугаев волнистых слушать;305,00
почему попугай постоянно;305,00
попугай кеша 1;304,00
можно попугаям укроп;304,00
#ИМЯ?;304,00
попугай пожалуйста;304,00
камень +для попугаев;304,00
попугай сканворд 3;304,00
#ИМЯ?;304,00
38 попугаев сайт ижевск;303,00
гамавит +для попугаев;303,00
попугай разговаривает +с хозяином;303,00
попугай поносит;303,00
попугай +из пластиковых бутылок пошаговая;303,00
попугай флинта;302,00
38 попугаев мультфильм онлайн;302,00
фиксики попугай;302,00
вид попугаев 6 букв;302,00
смотреть про смешных попугаев;301,00
роговица попугая;301,00
джунгли попугаев;301,00
света попугай;301,00
попуган 2;301,00
38 попугаев ижевск официальный сайт;301,00
попугай таити;301,00
смотреть смешное про попугаев;302,00
смотреть бесплатно смешные попугаи;301,00
попугаи +в лесу;301,00
волнистые попугаи приучать;301,00
девочка попугай +как узнать;300,00
#ИМЯ?;300,00
попугаи томск;300,00
38 попугаев ижевск официальный сайт;300,00
попугай кеша 1;300,00
краснохвостый попугай;299,00
джунгли попугаев;299,00
света попугай;299,00
первые дни попугая;299,00
попугай принцессы;299,00
попугай первый день;299,00
попугай кролик;299,00
попугая рвет;298,00
песня попугая видео;298,00
38 попугая мультфильм онлайн;298,00
самый большой попугай +в мире;298,00
спаривание волнистых попугаев;298,00
гамавит +для попугаев;298,00
попугай пожалуйста;298,00
попугай боком;297,00
попугай +с щеками;297,00
агрессивные попугаи;297,00
попугай поносит;297,00
попугай повредил;297,00
овощи фрукты волнистых попугаев;297,00
купание попугая волнистого;296,00
38 попугаев игрушек;296,00
купить клетку +для попугая +в москве;296,00
#ИМЯ?;296,00
питомник попугаев +в москве;295,00
картинки попугаев какаду;295,00
38 попугаев мультфильм смотреть онлайн;295,00
попугай поджимает лапку;295,00
#ИМЯ?;295,00
#ИМЯ?;295,00
порно попугаев;295,00
сколько видов попугаев;295,00
какие попугая имена;295,00
38 попугаев торрент;294,00
попугай чай;294,00
#ИМЯ?;294,00
попугай какаду видео;294,00
клоака +у попугая;294,00
птицы волнистый попугай;294,00
попугай флинта;294,00
купить попугая +в москве +на авито;294,00
кролики попугаи;293,00
овощи фрукты волнистых попугаев;293,00
недорогие большие попугаи;293,00
попугай чирикает слушать;293,00
мультики попугай онлайн;293,00
смотреть бесплатно смешные попугаи;293,00
птица попугай волнистый;293,00
научить попугая разговаривать мальчик;292,00
музыка +для волнистых попугаев;292,00
спаривание волнистых попугаев;292,00
попугай окраска;292,00
питание волнистых попугаев;292,00
ожереловый попугай отзывы владельцев;292,00
самый большой попугай +в мире;291,00
сколько видов попугаев;291,00
рыбки попугаи содержание;291,00
попугай кеша мультфильм онлайн;291,00
волнистый попугай кровь;291,00
попугаев александра;291,00
попугай повредил;291,00
самка ожерелового попугая;291,00
волнистым попугаям можно клубнику;291,00
плюсы попугаев;291,00
#ИМЯ?;291,00
попугай агрессивен;291,00
попугаи неразлучники содержание +и уход;291,00
попугай чай;291,00
почему самка волнистого попугая;290,00
попугай +для самогонного аппарата купить;290,00
#ИМЯ?;290,00
сколько попугай +может прожить;290,00
попугай выдергивает;290,00
#ИМЯ?;290,00
попугай привет;290,00
б +у клетки +для попугая;290,00
звуки попугая корелла;289,00
38 попугаев песня;289,00
игровая площадка +для попугая;289,00
попугая рвет;289,00
попугай цитаты;289,00
красный попугай рыба;289,00
история блудного попугая;289,00
смотреть попугай григорий;289,00
попугай крокодилы бегемоты;288,00
взрослый волнистый попугай;288,00
самец попугая снесла яйцо;287,00
какашки попугая;287,00
попугай лысеет;287,00
вид попугаев 7 букв сканворд;287,00
смотреть 95 квартал попугай;287,00
про попугая кешу онлайн;287,00
попугай мультик смотреть онлайн;286,00
содержание попугаев корелла +в домашних условиях;286,00
ванночки +для попугаев;286,00
симулятор попугая;286,00
#ИМЯ?;285,00
попугай таити;285,00
звуки попугая корелла;285,00
волнистый попугай кровь;284,00
отравление попугаев;284,00
зеленый попугай адлер официальный;284,00
странный человек +с попугаем;284,00
+как научить попугая разговаривать +за 5;284,00
#ИМЯ?;283,00
+как научить попугая разговаривать +за 5 минут;283,00
какие фрукты можно давать попугаю;283,00
форум корелла попугай;282,00
попугай кеша мультфильм смотреть онлайн;282,00
попугай выдергивает;282,00
приму +в дар попугая;281,00
мусор попугаев;281,00
лакомство +для попугаев;281,00
принять +в дар попугая;281,00
розовощекий попугай;281,00
авито попугаи корелла;281,00
рязань попугаи;281,00
едят ли волнистых попугаев;280,00
попугай краснодарский;280,00
попугай +из пластиковых бутылок пошаговая инструкция;280,00
клетку +для попугая б +у;279,00
смотреть 95 квартал попугай;279,00
волнистый попугай купается;279,00
лучшие корма +для волнистых попугаев;279,00
попугай примат 4;279,00
клетка +для крупных попугаев;279,00
слова +для попугая;278,00
38 попугаев мебель официальный сайт ижевск;278,00
клетка +для попугая купить интернет;278,00
почему попугай стал;278,00
самец попугая снес яйцо;278,00
фиксики попугай;278,00
пьяный дуэт попугаев;277,00
устройство попугай;277,00
попугай взъерошен;277,00
можно ли попугаю капусту;277,00
купить попугая +в красноярске;277,00
клетка +для попугая жако;277,00
попугаи +для домашнего содержания;277,00
мемы +с попугаями;276,00
клетка +для средних попугаев;276,00
рязань попугаи;276,00
содержание попугаев корелла +в домашних условиях;276,00
попугай кеша +в деревне;276,00
мягкая игрушка попугай;276,00
лучший корм +для попугаев волнистых;276,00
заводить ли попугая;276,00
подарю попугая;275,00
едят ли волнистых попугаев;275,00
#ИМЯ?;275,00
папа попугай;275,00
мусор попугаев;275,00
попугай гомель;275,00
попугаи +для домашнего содержания;275,00
разговор попугая слушать;274,00
попугаи книги скачать;274,00
клетка +для попугая жако;274,00
мультики бесплатно про попугаев;274,00
купить ару попугая цена;274,00
купить попугая ара цена;274,00
попуган песня;274,00
смесь +для попугаи;273,00
красивые попугаи фото;273,00
песок +для попугаев;273,00
#ИМЯ?;273,00
волнистые попугаи википедия;273,00
клетка +для попугая купить интернет;273,00
#ИМЯ?;272,00
клетка +для крупных попугаев;272,00
одуванчик попугаю волнистому;272,00
купить попугая +в самаре;272,00
#ИМЯ?;272,00
клетка +для средних попугаев;272,00
#ИМЯ?;272,00
фильм возвращение блудного попугая;272,00
попугай постоянно спит;271,00
попугай стресс;271,00
игрушка говорящий попугай;271,00
попугай канале;271,00
можно ли попугаю капусту;271,00
какие ветки можно давать попугаям;271,00
можно волнистым попугаям бананы;271,00
звуки попугая онлайн;271,00
#ИМЯ?;270,00
юла купить попугая;270,00
попугай примат 4;270,00
#ИМЯ?;270,00
взъерошенный попугай;270,00
перевозка попугаев;270,00
попугаи липецк;270,00
маска попугая;270,00
скачать мультфильмы попугай кеша;270,00
попугай чесоточный;270,00
#ИМЯ?;269,00
зеленый попугай адлер сайт;268,00
купить попугая +в красноярске;268,00
про кота +и попугая;268,00
выставка попугаев;268,00
волнистый попугай самка +или самец;268,00
прикольные попугаи видео;267,00
утро попугая кеши мультфильм;267,00
#ИМЯ?;267,00
большой зеленый попугай;267,00
попугай технология;267,00
слова +для попугая;267,00
смотреть смешные видео про попугаев;267,00
авито попугаи корелла;267,00
зеленый попугай адлер официальный сайт;267,00
игра попуган;267,00
#ИМЯ?;267,00
#ИМЯ?;267,00
youtube попугай;266,00
болезни попугаев симптомы фото;266,00
вид попугаев 4 буквы;266,00
видео +как научить попугая;266,00
кровать 38 попугаев;265,00
ночной попугай;265,00
#ИМЯ?;265,00
#ИМЯ?;265,00
говорящий попугай купить +в москве;265,00
попугай жако авито;265,00
попугаи краснодарский край;265,00
попугай маленький больше;265,00
игры попугай бесплатно;264,00
попугаи +на стол;264,00
попугай рана;264,00
#ИМЯ?;264,00
королевский попугай;264,00
самый лучший попугай;264,00
#ИМЯ?;264,00
смотреть поющих попугаев;263,00
95 квартал про попугая кешу;263,00
звуки попугаев слушать онлайн;263,00
можно попугаю семечки;263,00
#ИМЯ?;263,00
попугаи неразлучники фишера;263,00
пьяный дуэт попугаев;263,00
попугай монах калита;262,00
чумиза +для попугаев;262,00
размножение попугаев волнистых +в домашних;262,00
рацион волнистого попугая;262,00
